sku,product_name,description
SKU-CABLE-USBC,USB-C Cable,USB-C charging and data cable
SKU-BOTTLE-750,750ml Water Bottle,Reusable 750ml water bottle
SKU-PUZZLE-500,500 Piece Puzzle,500-piece jigsaw puzzle
SKU-TOWEL-BATH,Bath Towel,Bath towel
SKU-SERUM-VITC,Vitamin C Serum,Vitamin C facial serum
SKU-PROTEIN-1KG,Protein Powder,1kg protein powder
SKU-CANDLE-VAN,Vanilla Candle,Vanilla scented candle
SKU-LAMP-DESK,Desk Lamp,LED desk lamp
SKU-MUG-CERAMIC,Ceramic Mug,Ceramic coffee mug
SKU-LEASH-DOG,Dog Leash,Dog walking leash